{
  "ensemble": {
    "p025_real": -45992.51419373614,
    "p975_real": 21467.81733427762
  },
  "ensemble_equal": {
    "p025_real": -45940.83219558124,
    "p975_real": 21504.092806133995
  },
  "lgbm": {
    "p025_real": -46638.594280119025,
    "p975_real": 22848.262553757857
  },
  "xgb": {
    "p025_real": -47018.276824564644,
    "p975_real": 21935.30442401514
  },
  "cb": {
    "p025_real": -46463.388956711846,
    "p975_real": 21739.44369228377
  }
}