{
  "ensemble_equal": {
    "p025_real": -45940.83219558124,
    "p975_real": 21504.092806134
  },
  "ensemble_bg": {
    "p025_real": -45932.36089771811,
    "p975_real": 21497.85663306734
  },
  "ensemble_gr": {
    "p025_real": -46522.72170785412,
    "p975_real": 22773.83936421629
  },
  "lgbm": {
    "p025_real": -46638.594280119025,
    "p975_real": 22848.262553757857
  },
  "xgb": {
    "p025_real": -47018.276824564644,
    "p975_real": 21935.30442401514
  },
  "cb": {
    "p025_real": -46463.388956711846,
    "p975_real": 21739.44369228377
  }
}